{
    "Hp": 4.233755,
    "Atk": 2.116877,
    "Def": 2.116877,
    "Hp%": 0.432,
    "Atk%": 0.432,
    "Def%": 0.54,
    "SPD": 0.26,
    "Crit Rate": 0.324,
    "Crit DMG": 0.648,
    "Effect Hit Rate": 0.432,
    "Effect Res": 0.432,
    "Brake Effect": 0.648
}